build,build_id,enemy.stats.hp,win_rate,average_ttk,average_dps,average_damage_taken,deaths,player_deaths,runs
Balanced Vanguard,balanced_vanguard,5000,1.0,18.70420970403835,272.4402584786341,454.6472399999999,0,0,100
Balanced Vanguard,balanced_vanguard,7500,1.0,28.062292299157903,270.3073506822533,655.0343849999999,0,0,100
Balanced Vanguard,balanced_vanguard,10000,1.0,37.56600101312312,268.5124354635167,880.6970774999999,0,0,100
Balanced Vanguard,balanced_vanguard,12500,1.0,47.202474547913226,266.8947926171725,1104.7077474999996,0,0,100
Glass Cannon,glass_cannon,5000,0.93,7.8392847444873395,664.7507696328405,550.46863,7,7,100
Glass Cannon,glass_cannon,7500,0.28,11.081382402333974,660.666490745973,690.3315499999999,72,72,100
Glass Cannon,glass_cannon,10000,0.0,,642.0657540766015,719.00398,100,100,100
Glass Cannon,glass_cannon,12500,0.0,,633.0456757816463,713.3470599999999,100,100,100
Fortress Controller,fortress_controller,5000,1.0,36.752494787000444,137.5571530143536,0.30833,0,0,100
Fortress Controller,fortress_controller,7500,1.0,55.85387075860915,135.52982978270893,1.8762375,0,0,100
Fortress Controller,fortress_controller,10000,1.0,73.99376823865255,135.90813198573784,0.94833,0,0,100
Fortress Controller,fortress_controller,12500,1.0,92.98238555762227,135.09668438170374,2.7328975,0,0,100
